<?xml version="1.0" encoding="UTF-8"?>
<project-private xmlns="http://www.netbeans.org/ns/project-private/1">
    <editor-bookmarks xmlns="http://www.netbeans.org/ns/editor-bookmarks/2" lastBookmarkId="2">
        <file>
            <url>src/estimatecalculator/classes/bottom/BottomPane.java</url>
            <bookmark id="1">
                <name/>
                <line>115</line>
                <key/>
            </bookmark>
        </file>
    </editor-bookmarks>
    <open-files xmlns="http://www.netbeans.org/ns/projectui-open-files/2">
        <group>
            <file>file:/C:/Users/I/Documents/NetBeansProjects/EstimateCalculator10/src/estimatecalculator/fxml/insulates/ProjectInsulateKindsEditorFXMLController.java</file>
        </group>
    </open-files>
</project-private>
